Date,Description,Ref,Debit,Credit,Balance,Flag,Page,Counterparty,Bank Name,Account Number,Source File,Category,Confidence,Method
2021-02-01 00:00:00,UPI/DR/103209319353/ SOUNDARAP/SBIN/**7 7130@UPI/NO REMARKS//UPI943DA4 E4B08B4004838085D4 84EAD28F/01/02/2021 09:48:15,103209319353,9300.0,,510.2,,1,Soundarap,Canara Bank,1020101063221,statements-of-account-summary-pr_afd9a44e516ea090384d4f0b7e7d8ab0.pdf,Transfers (Person),0.95,rule
2021-02-27 00:00:00,SMS ALERT CHARGES NEW,,18.0,,492.2,,1,Sms Alert Charges New,Canara Bank,1020101063221,statements-of-account-summary-pr_afd9a44e516ea090384d4f0b7e7d8ab0.pdf,Bank Charges & Fees,0.95,rule
2021-03-02 00:00:00,DISBURSEMENT TO CASA.:1020630000018,1020630000018,,650000.0,650492.2,,1,,Canara Bank,1020101063221,statements-of-account-summary-pr_afd9a44e516ea090384d4f0b7e7d8ab0.pdf,Others,0.0,default
2021-03-02 00:00:00,MB-IMPS- DR/KANAGAVEL/UTIB/* *5356/ /02/03/2021 22: 22:05,106122220578,100.0,,650392.2,,1,Kanagavel,Canara Bank,1020101063221,statements-of-account-summary-pr_afd9a44e516ea090384d4f0b7e7d8ab0.pdf,Transfers (Person),0.95,rule
2021-03-03 00:00:00,MB-IMPS- DR/KANAGAVEL/UTIB/* *5356/ /03/03/2021 16: 03:32,106216033208,200000.0,,450392.2,,1,Kanagavel,Canara Bank,1020101063221,statements-of-account-summary-pr_afd9a44e516ea090384d4f0b7e7d8ab0.pdf,Transfers (Person),0.95,rule
2021-03-03 00:00:00,ATM TXN DONE IN OTHER BANK ATM IMPS CHARGES,106216033208,17.7,,450374.5,,1,Atm Txn Done In Other Bank Atm Imps Char,Canara Bank,1020101063221,statements-of-account-summary-pr_afd9a44e516ea090384d4f0b7e7d8ab0.pdf,Cash Withdrawal (ATM),0.95,rule
2021-03-04 00:00:00,MB-IMPS- DR/RAMARKVU/SBIN/* *5038/ /04/03/2021 07: 52:31,106307523138,100.0,,450274.5,,1,Ramarkvu,Canara Bank,1020101063221,statements-of-account-summary-pr_afd9a44e516ea090384d4f0b7e7d8ab0.pdf,Transfers (Person),0.95,rule
2021-03-04 00:00:00,MB-IMPS- DR/RAMARKVU/SBIN/* *5038/ /04/03/2021 08: 02:28,106308022710,73200.0,,377074.5,,1,Ramarkvu,Canara Bank,1020101063221,statements-of-account-summary-pr_afd9a44e516ea090384d4f0b7e7d8ab0.pdf,Transfers (Person),0.95,rule
2021-03-04 00:00:00,ATM TXN DONE IN OTHER BANK ATM IMPS CHARGES,106308022710,11.8,,377062.7,,1,Atm Txn Done In Other Bank Atm Imps Char,Canara Bank,1020101063221,statements-of-account-summary-pr_afd9a44e516ea090384d4f0b7e7d8ab0.pdf,Cash Withdrawal (ATM),0.95,rule
2021-03-06 00:00:00,MB-IMPS- DR/KANAGAVEL/UTIB/* *5356/ /06/03/2021 07: 13:13,106507131259,48300.0,,328762.7,,1,Kanagavel,Canara Bank,1020101063221,statements-of-account-summary-pr_afd9a44e516ea090384d4f0b7e7d8ab0.pdf,Transfers (Person),0.95,rule
2021-03-06 00:00:00,ATM TXN DONE IN OTHER BANK ATM IMPS CHARGES,106507131259,11.8,,328750.9,,1,Atm Txn Done In Other Bank Atm Imps Char,Canara Bank,1020101063221,statements-of-account-summary-pr_afd9a44e516ea090384d4f0b7e7d8ab0.pdf,Cash Withdrawal (ATM),0.95,rule
2021-03-06 00:00:00,MB-IMPS- DR/RAMARKVU/SBIN/* *5038/ /06/03/2021 09: 49:45,106509494466,17600.0,,311150.9,,2,Ramarkvu,Canara Bank,1020101063221,statements-of-account-summary-pr_afd9a44e516ea090384d4f0b7e7d8ab0.pdf,Transfers (Person),0.95,rule
2021-03-06 00:00:00,ATM TXN DONE IN OTHER BANK ATM IMPS CHARGES,106509494466,5.9,,311145.0,,2,Atm Txn Done In Other Bank Atm Imps Char,Canara Bank,1020101063221,statements-of-account-summary-pr_afd9a44e516ea090384d4f0b7e7d8ab0.pdf,Cash Withdrawal (ATM),0.95,rule
2021-03-06 00:00:00,MB/1020101063221/SA HANA K/1020101063222/MYC NBK/CANARA//3978871 254/06/03/2021 06:39: 50,1020101063221,100.0,,311045.0,,2,Sa Hana K,Canara Bank,1020101063221,statements-of-account-summary-pr_afd9a44e516ea090384d4f0b7e7d8ab0.pdf,Others,0.0,default
2021-03-06 00:00:00,MB-IMPS- DR/MYSBI/SBIN/**8081/ /06/03/2021 18:42:40,106518423912,100.0,,310945.0,,2,Mysbi,Canara Bank,1020101063221,statements-of-account-summary-pr_afd9a44e516ea090384d4f0b7e7d8ab0.pdf,Transfers (Person),0.95,rule
2021-03-06 00:00:00,MB-IMPS- DR/SAHANASBI/SBIN/* *0402/ /06/03/2021 18: 45:54,106518455447,100.0,,310845.0,,2,Sahanasbi,Canara Bank,1020101063221,statements-of-account-summary-pr_afd9a44e516ea090384d4f0b7e7d8ab0.pdf,Transfers (Person),0.95,rule
2021-03-06 00:00:00,MB/1020101063221/SA HANA K/1020101063222/MYC NBK/CANARA//3978925 683/06/03/2021 06:46: 48,1020101063221,19900.0,,290945.0,,2,Sa Hana K,Canara Bank,1020101063221,statements-of-account-summary-pr_afd9a44e516ea090384d4f0b7e7d8ab0.pdf,Others,0.0,default
2021-03-06 00:00:00,MB-IMPS- DR/MYSBI/SBIN/**8081/ /06/03/2021 18:48:52,106518485218,19900.0,,271045.0,,2,Mysbi,Canara Bank,1020101063221,statements-of-account-summary-pr_afd9a44e516ea090384d4f0b7e7d8ab0.pdf,Transfers (Person),0.95,rule
2021-03-06 00:00:00,ATM TXN DONE IN OTHER BANK ATM IMPS CHARGES,106518485218,5.9,,271039.1,,2,Atm Txn Done In Other Bank Atm Imps Char,Canara Bank,1020101063221,statements-of-account-summary-pr_afd9a44e516ea090384d4f0b7e7d8ab0.pdf,Cash Withdrawal (ATM),0.95,rule
2021-03-06 00:00:00,MB-IMPS- DR/SAHANASBI/SBIN/* *0402/ /06/03/2021 18: 50:06,106518500598,19900.0,,251139.1,,2,Sahanasbi,Canara Bank,1020101063221,statements-of-account-summary-pr_afd9a44e516ea090384d4f0b7e7d8ab0.pdf,Transfers (Person),0.95,rule
2021-03-06 00:00:00,ATM TXN DONE IN OTHER BANK ATM IMPS CHARGES,106518500598,5.9,,251133.2,,2,Atm Txn Done In Other Bank Atm Imps Char,Canara Bank,1020101063221,statements-of-account-summary-pr_afd9a44e516ea090384d4f0b7e7d8ab0.pdf,Cash Withdrawal (ATM),0.95,rule
2021-03-06 00:00:00,UPI/DR/106519271648/ RAVIBHARA/TMBL/**71 00050307815/NO REMARKS//UPI851308 292A184757A6945CFA CEE16277/06/03/2021 19:46:21,106519271648,500.0,,250633.2,,2,Ravibhara,Canara Bank,1020101063221,statements-of-account-summary-pr_afd9a44e516ea090384d4f0b7e7d8ab0.pdf,Transfers (Person),0.95,rule
2021-03-06 00:00:00,ATM CASH-10938684- CANARABANKTHENIT NIN-06/03/21 20:23: 15/3876,1633,10000.0,,240633.2,,2,Atm Cash,Canara Bank,1020101063221,statements-of-account-summary-pr_afd9a44e516ea090384d4f0b7e7d8ab0.pdf,Cash Withdrawal (ATM),0.95,rule
2021-03-06 00:00:00,ATM CASH-10938684- CANARABANKTHENIT NIN-06/03/21 20:24: 54/3876,1635,10000.0,,230633.2,,2,Atm Cash,Canara Bank,1020101063221,statements-of-account-summary-pr_afd9a44e516ea090384d4f0b7e7d8ab0.pdf,Cash Withdrawal (ATM),0.95,rule
2021-03-07 00:00:00,UPI/DR/106612675297/ ASWIN R/BARB/**44976@UPI/ NO REMARKS//UPI1921FB DA5B92483F957FBD66 9650CF74/07/03/2021 12:28:54,106612675297,10000.0,,220633.2,,2,Aswin R,Canara Bank,1020101063221,statements-of-account-summary-pr_afd9a44e516ea090384d4f0b7e7d8ab0.pdf,Transfers (Person),0.95,rule
2021-03-08 00:00:00,UPI/DR/106621088846/ MS SRI NA/SBIN/**41112@SBI/ NO REMARKS//UPIAB4261 0993F34E18884AD21A 630DB461/07/03/2021 21:11:52,106621088846,875.0,,219758.2,,2,Ms Sri Na,Canara Bank,1020101063221,statements-of-account-summary-pr_afd9a44e516ea090384d4f0b7e7d8ab0.pdf,Transfers (Person),0.95,rule
2021-03-08 00:00:00,MB-IMPS-,106709502824,100.0,,219658.2,,2,,Canara Bank,1020101063221,statements-of-account-summary-pr_afd9a44e516ea090384d4f0b7e7d8ab0.pdf,Transfers (Person),0.95,rule
2021-03-08 00:00:00,MB-IMPS- DR/SAFI/TMBL/**0158/ /08/03/2021 09:54:42,106709544145,19900.0,,199758.2,,3,Safi,Canara Bank,1020101063221,statements-of-account-summary-pr_afd9a44e516ea090384d4f0b7e7d8ab0.pdf,Transfers (Person),0.95,rule
2021-03-08 00:00:00,ATM TXN DONE IN OTHER BANK ATM IMPS CHARGES,106709544145,5.9,,199752.3,,3,Atm Txn Done In Other Bank Atm Imps Char,Canara Bank,1020101063221,statements-of-account-summary-pr_afd9a44e516ea090384d4f0b7e7d8ab0.pdf,Cash Withdrawal (ATM),0.95,rule
2021-03-08 00:00:00,MB-IMPS- DR/NAVAMANI/TMBL/** 1083/ /08/03/2021 10: 55:02,106710550279,100.0,,199652.3,,3,Navamani,Canara Bank,1020101063221,statements-of-account-summary-pr_afd9a44e516ea090384d4f0b7e7d8ab0.pdf,Transfers (Person),0.95,rule
2021-03-08 00:00:00,MB-IMPS- DR/NAVAMANI/TMBL/** 1083/ /08/03/2021 11: 18:57,106711185663,1400.0,,198252.3,,3,Navamani,Canara Bank,1020101063221,statements-of-account-summary-pr_afd9a44e516ea090384d4f0b7e7d8ab0.pdf,Transfers (Person),0.95,rule
2021-03-09 00:00:00,STAMP CHRGS FOR 1020630000018 THENI RAH,000000000000,20.0,,198232.3,,3,,Canara Bank,1020101063221,statements-of-account-summary-pr_afd9a44e516ea090384d4f0b7e7d8ab0.pdf,Bank Charges & Fees,0.95,rule
2021-03-10 00:00:00,MB-IMPS- DR/NAVAMANI/TMBL/** 1083/ /10/03/2021 10: 37:35,106910373455,21750.0,,176482.3,,3,Navamani,Canara Bank,1020101063221,statements-of-account-summary-pr_afd9a44e516ea090384d4f0b7e7d8ab0.pdf,Transfers (Person),0.95,rule
2021-03-10 00:00:00,ATM TXN DONE IN OTHER BANK ATM IMPS CHARGES,106910373455,5.9,,176476.4,,3,Atm Txn Done In Other Bank Atm Imps Char,Canara Bank,1020101063221,statements-of-account-summary-pr_afd9a44e516ea090384d4f0b7e7d8ab0.pdf,Cash Withdrawal (ATM),0.95,rule
2021-03-15 00:00:00,MB-IMPS- DR/MYSBI/SBIN/**8081/ /15/03/2021 05:39:38,107405393704,20000.0,,156476.4,,3,Mysbi,Canara Bank,1020101063221,statements-of-account-summary-pr_afd9a44e516ea090384d4f0b7e7d8ab0.pdf,Transfers (Person),0.95,rule
2021-03-15 00:00:00,ATM TXN DONE IN OTHER BANK ATM IMPS CHARGES,107405393704,5.9,,156470.5,,3,Atm Txn Done In Other Bank Atm Imps Char,Canara Bank,1020101063221,statements-of-account-summary-pr_afd9a44e516ea090384d4f0b7e7d8ab0.pdf,Cash Withdrawal (ATM),0.95,rule
2021-03-17 00:00:00,MB-IMPS- DR/SAFI/TMBL/**0158/ /17/03/2021 12:07:26,107612072529,12868.0,,143602.5,,3,Safi,Canara Bank,1020101063221,statements-of-account-summary-pr_afd9a44e516ea090384d4f0b7e7d8ab0.pdf,Transfers (Person),0.95,rule
2021-03-17 00:00:00,ATM TXN DONE IN OTHER BANK ATM IMPS CHARGES,107612072529,5.9,,143596.6,,3,Atm Txn Done In Other Bank Atm Imps Char,Canara Bank,1020101063221,statements-of-account-summary-pr_afd9a44e516ea090384d4f0b7e7d8ab0.pdf,Cash Withdrawal (ATM),0.95,rule
2021-03-19 00:00:00,MB/1020101063221/SA HANA K/1020101063222/MYC NBK/CANARA//4056394 979/19/03/2021 03:33: 28,1020101063221,31000.0,,112596.6,,3,Sa Hana K,Canara Bank,1020101063221,statements-of-account-summary-pr_afd9a44e516ea090384d4f0b7e7d8ab0.pdf,Others,0.0,default
2021-03-20 00:00:00,SMS ALERT CHARGES NEW,,18.0,,112578.6,,3,Sms Alert Charges New,Canara Bank,1020101063221,statements-of-account-summary-pr_afd9a44e516ea090384d4f0b7e7d8ab0.pdf,Bank Charges & Fees,0.95,rule
2021-03-22 00:00:00,UPI/DR/108111070452/ ZERODHA B/HDFC/**OKING@HD FCBANK/KITE+DEP//U PI671011D792B84EAD 8006886951BC2518/22/ 03/2021 11:41:46,108111070452,69617.0,,42961.6,,3,Zerodha B,Canara Bank,1020101063221,statements-of-account-summary-pr_afd9a44e516ea090384d4f0b7e7d8ab0.pdf,Investments,0.95,rule
2021-03-23 00:00:00,UPI/CR/108123600578/ SOUNDARAP/CNRB/** 77130@UPI/NO REMARKS//UPI7B7373 C76E0D4E558FB3824C AA6F938C/22/03/2021 23:11:32,108123600578,,40000.0,82961.6,,3,Soundarap,Canara Bank,1020101063221,statements-of-account-summary-pr_afd9a44e516ea090384d4f0b7e7d8ab0.pdf,Transfers (Person),0.95,rule
2021-03-23 00:00:00,UPI/CR/108203619088/ SOUNDARAP/CNRB/** 77130@UPI/NO REMARKS//UPICA3316 EFD0E1459FB50AE089 C4522AF2/23/03/2021 03:27:00,108203619088,,29700.0,112661.6,,3,Soundarap,Canara Bank,1020101063221,statements-of-account-summary-pr_afd9a44e516ea090384d4f0b7e7d8ab0.pdf,Transfers (Person),0.95,rule
2021-03-25 00:00:00,MB-IMPS- DR/SAFI/TMBL/**0158/ /25/03/2021 14:01:20,108414011978,17400.0,,95261.6,,3,Safi,Canara Bank,1020101063221,statements-of-account-summary-pr_afd9a44e516ea090384d4f0b7e7d8ab0.pdf,Transfers (Person),0.95,rule
2021-03-25 00:00:00,ATM TXN DONE IN,108414011978,5.9,,95255.7,,3,Atm Txn Done In,Canara Bank,1020101063221,statements-of-account-summary-pr_afd9a44e516ea090384d4f0b7e7d8ab0.pdf,Cash Withdrawal (ATM),0.95,rule
2021-03-25 00:00:00,1020630000018 SAHANA K DRAWDOWN FROM CASA.,1020630000018,11693.8,,83561.9,,4,,Canara Bank,1020101063221,statements-of-account-summary-pr_afd9a44e516ea090384d4f0b7e7d8ab0.pdf,Others,0.0,default
2021-03-26 00:00:00,MB-IMPS- DR/NAVAMANI/TMBL/** 1083/ /26/03/2021 10: 38:24,108510382348,21250.0,,62311.9,,4,Navamani,Canara Bank,1020101063221,statements-of-account-summary-pr_afd9a44e516ea090384d4f0b7e7d8ab0.pdf,Transfers (Person),0.95,rule
2021-03-26 00:00:00,ATM TXN DONE IN OTHER BANK ATM IMPS CHARGES,108510382348,5.9,,62306.0,,4,Atm Txn Done In Other Bank Atm Imps Char,Canara Bank,1020101063221,statements-of-account-summary-pr_afd9a44e516ea090384d4f0b7e7d8ab0.pdf,Cash Withdrawal (ATM),0.95,rule
2021-03-26 00:00:00,MB-IMPS- DR/VIJAYAELECTRICA /KVBL/**4232/ /26/03/2021 19:01:11,108519011027,100.0,,62206.0,,4,Vijayaelectrica,Canara Bank,1020101063221,statements-of-account-summary-pr_afd9a44e516ea090384d4f0b7e7d8ab0.pdf,Utilities & Bills,0.95,rule
2021-03-26 00:00:00,MB-IMPS- DR/VIJAYAELECTRICA /KVBL/**4232/ /26/03/2021 19:09:58,108519095704,2741.0,,59465.0,,4,Vijayaelectrica,Canara Bank,1020101063221,statements-of-account-summary-pr_afd9a44e516ea090384d4f0b7e7d8ab0.pdf,Utilities & Bills,0.95,rule
2021-03-27 00:00:00,UPI/DR/108613862597/ KRISHNAMO/IOBA/**24 223@UPI/NO REMARKS//UPIEA7212 65075E45ED902C2D2B 1082A739/27/03/2021 13:06:39,108613862597,12000.0,,47465.0,,4,Krishnamo,Canara Bank,1020101063221,statements-of-account-summary-pr_afd9a44e516ea090384d4f0b7e7d8ab0.pdf,Transfers (Person),0.95,rule
2021-03-27 00:00:00,ATM CASH-02277065- OPPTOCOLLECTORAT ETHTHENITNIN- 27/03/21 21:35:41/3876,108621024068,10000.0,,37465.0,,4,Atm Cash,Canara Bank,1020101063221,statements-of-account-summary-pr_afd9a44e516ea090384d4f0b7e7d8ab0.pdf,Cash Withdrawal (ATM),0.95,rule
2021-03-28 00:00:00,MB-IMPS- DR/NAVAMANI/TMBL/** 1083/ /28/03/2021 10: 32:36,108710323576,13537.0,,23928.0,,4,Navamani,Canara Bank,1020101063221,statements-of-account-summary-pr_afd9a44e516ea090384d4f0b7e7d8ab0.pdf,Transfers (Person),0.95,rule
2021-03-28 00:00:00,ATM TXN DONE IN OTHER BANK ATM IMPS CHARGES,108710323576,5.9,,23922.1,,4,Atm Txn Done In Other Bank Atm Imps Char,Canara Bank,1020101063221,statements-of-account-summary-pr_afd9a44e516ea090384d4f0b7e7d8ab0.pdf,Cash Withdrawal (ATM),0.95,rule
2021-03-29 00:00:00,1020630000018 SAHANA K DRAWDOWN FROM CASA.,1020630000018,236.0,,23686.1,,4,,Canara Bank,1020101063221,statements-of-account-summary-pr_afd9a44e516ea090384d4f0b7e7d8ab0.pdf,Others,0.0,default
2021-03-30 00:00:00,MB-IMPS- DR/NAVAMANI/TMBL/** 1083/ /30/03/2021 09: 46:04,108909460463,12900.0,,10786.1,,4,Navamani,Canara Bank,1020101063221,statements-of-account-summary-pr_afd9a44e516ea090384d4f0b7e7d8ab0.pdf,Transfers (Person),0.95,rule
2021-03-30 00:00:00,ATM TXN DONE IN OTHER BANK ATM IMPS CHARGES,108909460463,5.9,,10780.2,,4,Atm Txn Done In Other Bank Atm Imps Char,Canara Bank,1020101063221,statements-of-account-summary-pr_afd9a44e516ea090384d4f0b7e7d8ab0.pdf,Cash Withdrawal (ATM),0.95,rule
2021-03-31 00:00:00,ATM CASH- SWCW2996- THENIBRANCHCDTHE NITNIN-31/03/21 11:42: 37/3876,109011016402,10000.0,,780.2,,4,Atm Cash,Canara Bank,1020101063221,statements-of-account-summary-pr_afd9a44e516ea090384d4f0b7e7d8ab0.pdf,Cash Withdrawal (ATM),0.95,rule
2021-03-31 00:00:00,DISBURSEMENT TO CASA.:1020630000018,1020630000018,,1080000.0,1080780.2,,4,,Canara Bank,1020101063221,statements-of-account-summary-pr_afd9a44e516ea090384d4f0b7e7d8ab0.pdf,Others,0.0,default
2021-03-31 00:00:00,MB-IMPS- DR/SAHANASBI/SBIN/* *0402/ /31/03/2021 15: 31:45,109015314519,200000.0,,880780.2,,4,Sahanasbi,Canara Bank,1020101063221,statements-of-account-summary-pr_afd9a44e516ea090384d4f0b7e7d8ab0.pdf,Transfers (Person),0.95,rule
2021-03-31 00:00:00,ATM TXN DONE IN OTHER BANK ATM IMPS CHARGES,109015314519,17.7,,880762.5,,4,Atm Txn Done In Other Bank Atm Imps Char,Canara Bank,1020101063221,statements-of-account-summary-pr_afd9a44e516ea090384d4f0b7e7d8ab0.pdf,Cash Withdrawal (ATM),0.95,rule
